Date,Close Price,Positive,Neutral,Negative
2014-09-18,424.440002,0,0,3
2014-09-20,408.903992,0,3,0
2014-09-21,398.821014,0,9,0
2014-09-22,402.152008,0,2,0
2014-09-24,423.204987,0,8,0
2014-09-27,399.519989,0,5,0
2014-10-12,378.549011,0,1,0
2014-10-17,383.757996,0,10,0
2014-10-21,386.475006,0,8,0
2014-11-01,325.748993,0,1,41
2014-11-03,327.553986,2,0,0
2014-11-06,349.290009,3,0,0
2014-11-10,366.924011,6,2,0
2014-11-15,376.132996,0,0,6
2014-12-12,352.541992,2,0,0
2014-12-14,351.631989,9,4,0
2014-12-16,327.062012,1,455,2
2014-12-18,311.395996,8,0,0
2014-12-24,322.533997,2,0,0
2014-12-27,315.863007,0,3,4
2014-12-30,310.737,3,0,0
2015-01-08,283.348999,0,9,0
2015-01-26,273.472992,0,5,0
2015-02-04,226.852997,0,3,0
2015-02-10,219.839005,0,4,0
2015-02-11,219.184998,0,3,0
2015-02-12,221.764008,0,3,0
2015-02-14,257.321014,3,0,0
2015-02-15,234.824997,0,6,0
2015-02-20,243.779007,2,0,0
2015-02-22,235.977005,0,0,4
2015-02-23,238.891998,10,0,0
2015-03-06,272.722992,0,0,2
2015-03-07,276.260986,2,0,0
2015-03-09,289.606995,3,0,0
2015-03-18,256.299011,3,0,0
2015-03-22,267.959991,0,0,3
2015-04-03,254.322006,8,0,0
2015-04-07,253.179993,5,0,0
2015-04-09,243.675995,0,4,0
2015-04-12,236.153,1,0,0
2015-04-24,231.268005,0,9,0
2015-04-27,229.285995,2,0,0
2015-04-28,225.854996,0,2,0
2015-04-30,236.145004,0,4,0
2015-05-11,242.158005,4,0,0
2015-05-13,236.376999,0,4,0
2015-05-18,233.128006,9,0,0
2015-05-22,240.348007,0,0,3
2015-05-27,237.283005,7,0,0
2015-06-04,224.324005,31,0,0
2015-06-18,249.007004,3,0,0
2015-06-26,243.593994,0,4,0
2015-06-30,263.071991,6,2,0
2015-07-04,260.885986,1,0,0
2015-07-07,266.207001,3,0,0
2015-07-13,292.053986,0,5,0
2015-07-18,274.901001,7,0,0
2015-07-19,273.614014,5,0,4
2015-07-21,275.833008,5,0,0
2015-07-22,277.221985,0,661,0
2015-07-28,294.427002,3,0,0
2015-08-02,282.614014,3,2,0
2015-08-13,264.079987,4,0,0
2015-08-21,232.569,2,1,0
2015-08-29,229.779999,7,0,0
2015-09-08,243.606995,0,6,0
2015-09-12,235.229004,7,0,0
2015-10-05,240.382996,3,0,0
2015-10-08,242.304001,0,0,6
2015-10-10,244.940994,0,0,2
2015-10-20,269.463013,5,0,0
2015-10-26,285.299988,5,0,0
2015-10-29,313.855011,0,4,0
2015-11-04,411.562988,0,12,0
2015-11-15,320.165985,0,6,0
2015-12-26,417.273987,4,0,0
2016-01-05,431.959991,0,4,0
2016-01-11,448.428009,0,6,0
2016-01-13,432.371002,0,0,5
2016-01-25,391.726013,0,0,3
2016-01-27,394.971985,0,11,0
2016-01-29,379.473999,8,0,0
2016-02-22,437.747986,0,5,0
2016-02-23,420.735992,0,4,0
2016-02-27,432.519012,6,0,4
2016-03-08,413.971985,6,0,0
2016-03-15,416.829987,0,9,0
2016-03-22,418.088989,2399,0,0
2016-03-31,416.729004,0,5,0
2016-05-12,454.765991,10,0,0
2016-05-13,455.670013,11,0,0
2016-05-21,443.187988,6,0,0
2016-06-06,585.536987,0,0,17
2016-06-08,581.64502,16,5,0
2016-06-23,623.97699,0,0,17
2016-06-30,673.336975,0,8,0
2016-07-06,677.330994,42,7,0
2016-07-15,663.255005,0,4,0
2016-08-12,587.559021,0,1,0
2016-09-03,598.211975,0,1,0
2016-09-04,608.633972,0,7,0
2016-09-06,610.435974,0,1,0
2016-09-09,622.861023,0,0,6
2016-09-15,607.155029,0,10,0
2016-09-21,597.148987,0,131,4
2016-09-27,606.166016,0,6,0
2016-09-28,604.728027,5,2,0
2016-10-03,612.132996,0,5,0
2016-10-05,612.510986,0,3,0
2016-10-07,617.120972,140,0,0
2016-10-08,619.107971,2,3,0
2016-10-10,618.994019,1,0,0
2016-10-11,641.072021,1,0,0
2016-10-12,636.192017,1,0,0
2016-10-13,636.786011,5,1,0
2016-10-15,638.645996,1,0,1
2016-10-17,639.192993,27,2,0
2016-10-18,637.960022,0,1,0
2016-10-19,630.52002,0,2,0
2016-10-21,632.828003,32,0,0
2016-10-22,657.294006,17548,0,0
2016-10-23,657.070984,0,1,0
2016-10-24,653.760986,0,18,0
2016-10-26,678.304016,0,11,0
2016-10-28,689.651001,1,0,0
2016-10-29,714.479004,0,0,1
2016-10-30,701.864014,0,37,0
2016-10-31,700.971985,0,1,0
2016-11-03,688.700012,2,96,0
2016-11-04,703.234985,7,0,1932
2016-11-05,703.41803,2,0,0
2016-11-06,711.521973,0,0,1
2016-11-07,703.130981,1,0,0
2016-11-08,709.848022,1,2,0
2016-11-09,723.27301,1,29,0
2016-11-10,715.533997,0,0,1
2016-11-11,716.411011,1,0,0
2016-11-15,711.619019,1,0,0
2016-11-17,740.97699,0,20,0
2016-11-23,744.593994,1,1,0
2016-11-25,741.648987,20,1,0
2016-11-28,735.812988,0,0,1
2016-11-29,735.604004,371,0,0
2016-12-01,756.773987,12492,12,22
2016-12-02,777.94397,0,21,7
2016-12-05,758.700012,2,0,1
2016-12-11,769.731018,8,0,0
2016-12-13,780.55603,0,1,0
2016-12-14,781.481018,3,1,0
2016-12-15,778.088013,2,0,0
2016-12-16,784.906982,0,1,0
2016-12-18,790.530029,9154,1,0
2016-12-19,792.713989,427,0,0
2016-12-20,800.875977,78,14,0
2016-12-23,921.984009,11,0,0
2016-12-24,898.822021,1,0,0
2016-12-26,907.609985,247,11,0
2016-12-27,933.197998,2,0,0
2016-12-28,975.921021,0,167,0
2017-01-01,998.325012,1,20,0
2017-01-02,1021.75,5,1,1
2017-01-03,1043.839966,9,0,0
2017-01-05,1013.380005,1,0,1
2017-01-06,902.200989,2,1,0
2017-01-07,908.585022,2,6,0
2017-01-08,911.198975,2,0,0
2017-01-09,902.828003,2,0,4
2017-01-10,907.679016,0,0,1
2017-01-11,777.757019,2,0,0
2017-01-12,804.833984,5,0,0
2017-01-14,818.411987,1,1,0
2017-01-15,821.797974,0,2,0
2017-01-16,831.533997,2,0,0
2017-01-17,907.937988,3,1,0
2017-01-18,886.617981,1,4,0
2017-01-19,899.072998,3,2,1
2017-01-20,895.026001,1,3,0
2017-01-21,921.789001,13,0,0
2017-01-22,924.672974,4,0,1
2017-01-24,892.687012,7,1,0
2017-01-26,917.585999,1,0,0
2017-01-28,921.590027,1,3,0
2017-01-29,919.495972,3,0,0
2017-01-30,920.382019,1,0,0
2017-01-31,970.403015,4,6,2
2017-02-02,1011.799988,2,7,4
2017-02-03,1029.910034,2,1,1
2017-02-04,1042.900024,18,0,0
2017-02-06,1038.150024,4,1,1
2017-02-07,1061.349976,5,0,0
2017-02-08,1063.069946,0,2,0
2017-02-12,999.18103,8,4,5
2017-02-13,990.642029,5,11,0
2017-02-14,1004.549988,6,3,0
2017-02-15,1007.47998,22,2,0
2017-02-16,1027.439941,1,1,0
2017-02-17,1046.209961,6,0,0
2017-02-18,1054.420044,5,0,0
2017-02-19,1047.869995,2,1,2
2017-02-20,1079.97998,3,7,5
2017-02-21,1115.300049,3,1,0
2017-02-22,1117.439941,6,0,2
2017-02-23,1166.719971,0,1,0
2017-02-24,1173.680054,0,1,0
2017-02-25,1143.839966,3,1,0
2017-02-26,1165.199951,4,2,5
2017-02-27,1179.969971,14,2,0
2017-02-28,1179.969971,2,0,0
2017-03-01,1222.5,1,0,1
2017-03-02,1251.01001,2,1,1
2017-03-03,1274.98999,3,1,0
2017-03-04,1255.150024,2,0,1
2017-03-05,1267.119995,5,0,0
2017-03-06,1272.829956,0,18,0
2017-03-07,1223.540039,2,52,0
2017-03-08,1150.0,17,13,0
2017-03-10,1116.719971,5,2,3
2017-03-11,1175.829956,32,8,1
2017-03-13,1231.920044,0,1,0
2017-03-14,1240.0,2,1,0
2017-03-15,1249.609985,7,0,0
2017-03-16,1187.810059,10,0,0
2017-03-17,1100.22998,0,2,0
2017-03-18,973.817993,5,0,0
2017-03-21,1120.540039,6,2,1
2017-03-23,1038.589966,0,3,0
2017-03-24,937.52002,1,0,0
2017-03-26,966.724976,1,3,0
2017-03-27,1045.77002,1,7,0
2017-03-29,1039.969971,0,6,0
2017-03-30,1026.430054,2,0,1
2017-03-31,1071.790039,1,0,0
2017-04-01,1080.5,8,0,0
2017-04-02,1102.170044,2,0,0
2017-04-03,1143.810059,0,0,1
2017-04-04,1133.25,0,7,0
2017-04-05,1124.780029,5,2,0
2017-04-06,1182.680054,7,0,0
2017-04-08,1175.949951,1,9,0
2017-04-10,1187.130005,3,0,0
2017-04-11,1205.01001,1,0,0
2017-04-12,1200.369995,12,0,0
2017-04-13,1169.280029,15,0,0
2017-04-14,1167.540039,5,0,0
2017-04-19,1210.290039,18,17,0
2017-04-20,1229.079956,8,11,0
2017-04-21,1222.050049,9,8,0
2017-04-22,1231.709961,8,1,5
2017-04-23,1207.209961,1,0,1
2017-04-24,1250.150024,11,1,0
2017-04-25,1265.48999,1,1,1
2017-04-26,1281.079956,16,0,0
2017-04-27,1317.72998,0,14,0
2017-04-30,1347.890015,2,0,0
2017-05-03,1490.089966,0,1,0
2017-05-04,1537.670044,6,0,2
2017-05-05,1555.449951,24,1,1
2017-05-08,1723.349976,1,0,1
2017-05-09,1755.359985,3,12,1
2017-05-10,1787.130005,3,2,1
2017-05-11,1848.569946,0,71,1
2017-05-12,1724.23999,0,9,0
2017-05-13,1804.910034,1,0,0
2017-05-14,1808.910034,2,0,0
2017-05-15,1738.430054,1,1,4
2017-05-16,1734.449951,1,3,0
2017-05-17,1839.089966,6,4,1
2017-05-19,1987.709961,5,30,0
2017-05-20,2084.72998,1,1,3
2017-05-21,2041.199951,3,1,1
2017-05-22,2173.399902,1,1,1
2017-05-23,2320.419922,3,0,0
2017-05-24,2443.639893,0,1,1
2017-05-25,2304.97998,0,0,37
2017-05-26,2202.419922,0,556,0
2017-05-27,2038.869995,7,0,0
2017-05-29,2255.610107,341,24,0
2017-05-30,2175.469971,103,35,24
2017-05-31,2286.409912,52,4,0
2017-06-01,2407.879883,1,64,0
2017-06-02,2488.550049,61,217,1
2017-06-03,2515.350098,47,858,23
2017-06-04,2511.810059,52,1,0
2017-06-05,2686.810059,32,99,1
2017-06-06,2863.199951,0,0,1
2017-06-07,2732.159912,198,279,54
2017-06-08,2805.620117,177,78,0
2017-06-11,2958.110107,688,0,0
2017-06-12,2659.629883,122,2,9
2017-06-13,2717.02002,193,321,103
2017-06-14,2506.370117,107,157,59
2017-06-15,2464.580078,93,25,49
2017-06-16,2518.560059,357,0,0
2017-06-18,2548.290039,68,1,0
2017-06-19,2589.600098,194,184,7
2017-06-20,2721.790039,77,130,0
2017-06-21,2689.100098,1,0,0
2017-06-22,2705.409912,32,146,0
2017-06-23,2744.909912,3,0,3
2017-06-24,2608.719971,0,1,0
2017-06-25,2589.409912,3,0,7
2017-06-26,2478.449951,158,60,30
2017-06-27,2552.449951,70,4215,19
2017-06-28,2574.790039,59,172,2
2017-06-29,2539.320068,223,96,228
2017-06-30,2480.840088,60,232,25
2017-07-01,2434.550049,7,223,2
2017-07-02,2506.469971,263,191,39
2017-07-03,2564.060059,3,142,2
2017-07-05,2601.98999,2,42,37
2017-07-06,2608.560059,0,42,0
2017-07-07,2518.659912,55,69,1
2017-07-08,2571.340088,126,243,56
2017-07-09,2518.439941,0,41,0
2017-07-10,2372.560059,4,0,0
2017-07-11,2337.790039,36,8,0
2017-07-12,2398.840088,955,106,72
2017-07-13,2357.899902,50,104,0
2017-07-14,2233.340088,0,1,23
2017-07-15,1998.859985,9,5,3
2017-07-16,1929.819946,5,0,0
2017-07-17,2228.409912,2,0,2
2017-07-18,2318.879883,7,15,0
2017-07-19,2273.429932,104,90,0
2017-07-20,2817.600098,37,274,15
2017-07-21,2667.76001,119,210,0
2017-07-22,2810.120117,34,38,0
2017-07-23,2730.399902,586,50,1
2017-07-24,2754.860107,4,0,2
2017-07-25,2576.47998,2,99,0
2017-07-26,2529.449951,41,252,52
2017-07-27,2671.780029,552,68,18
2017-07-28,2809.01001,210,21,1
2017-07-29,2726.449951,0,0,103
2017-07-30,2757.179932,0,29,0
2017-07-31,2875.340088,18,49,0
2017-08-01,2718.26001,778,128,208
2017-08-03,2804.72998,0,0,47
2017-08-04,2895.889893,18,0,1
2017-08-05,3252.909912,91,205,70
2017-08-06,3213.939941,4627,30,0
2017-08-07,3378.939941,95,106,49
2017-08-08,3419.939941,1925,393,25
2017-08-09,3342.469971,0,0,2438
2017-08-10,3381.280029,239,108,1
2017-08-11,3650.620117,0,197,2
2017-08-13,4073.26001,5,0,1
2017-08-14,4325.129883,262,1,0
2017-08-15,4181.930176,0,20,105
2017-08-16,4376.629883,4,0,0
2017-08-17,4331.689941,3,77,36
2017-08-19,4193.700195,3,5,0
2017-08-21,4001.73999,4,2,1
2017-08-22,4100.52002,1,1,0
2017-08-23,4151.52002,1,0,1
2017-08-24,4334.680176,158,0,0
2017-08-25,4371.600098,8,2,37
2017-08-26,4352.399902,4,10,1
2017-08-27,4382.879883,96,0,2
2017-08-28,4382.660156,4,0,2
2017-08-30,4565.299805,0,164,0
2017-08-31,4703.390137,0,157,15
2017-09-01,4892.009766,203,107,0
2017-09-02,4578.77002,4,17,2
2017-09-04,4236.310059,129,39,4
2017-09-05,4376.529785,33,339,0
2017-09-06,4597.120117,949,26,38
2017-09-07,4599.879883,2,5,1
2017-09-08,4228.75,250,52,0
2017-09-10,4122.939941,5,0,0
2017-09-11,4161.27002,1,0,1
2017-09-13,3882.590088,5,59,1
2017-09-14,3154.949951,2,1,0
2017-09-15,3637.52002,284,103,234
2017-09-16,3625.040039,34,141,62
2017-09-17,3582.879883,68,654,0
2017-09-18,4065.199951,363,45,1
2017-09-19,3924.969971,59,54,0
2017-09-20,3905.949951,29,27,0
2017-09-21,3631.040039,1,0,1
2017-09-22,3630.699951,2,1646,0
2017-09-23,3792.399902,12,12,980
2017-09-24,3682.840088,0,827,1
2017-09-25,3926.070068,17,0,0
2017-09-26,3892.350098,1,7,0
2017-09-27,4200.669922,42,62,172
2017-09-28,4174.72998,1,1,0
2017-09-29,4163.069824,3,0,0
2017-09-30,4338.709961,0,2,0
2017-10-01,4403.740234,2,0,0
2017-10-02,4409.319824,323,0,10
2017-10-03,4317.47998,0,1,0
2017-10-04,4229.359863,0,1,1
2017-10-05,4328.410156,0,10,0
2017-10-06,4370.810059,181,28,8
2017-10-07,4426.890137,0,1,16
2017-10-08,4610.47998,5,39,0
2017-10-09,4772.02002,58,195,7
2017-10-10,4781.990234,60,140,308
2017-10-11,4826.47998,7,32,1
2017-10-12,5446.910156,1,258,3
2017-10-15,5678.189941,14555,2,34
2017-10-16,5725.589844,623,1,1
2017-10-17,5605.509766,1,3,0
2017-10-18,5590.689941,1,2,0
2017-10-19,5708.52002,69,113,6
2017-10-20,6011.450195,19,2,1
2017-10-21,6031.600098,8,1,0
2017-10-22,6008.419922,1,0,0
2017-10-23,5930.319824,11,6,0
2017-10-24,5526.640137,101,32,0
2017-10-25,5750.799805,1,37,0
2017-10-26,5904.830078,0,1,0
2017-10-27,5780.899902,35,57,1
2017-10-28,5753.089844,76,54,18
2017-10-29,6153.850098,62,0,0
2017-10-30,6130.529785,35,0,2
2017-10-31,6468.399902,239,26,199
2017-11-01,6767.310059,41,0,0
2017-11-02,7078.5,19,0,0
2017-11-03,7207.759766,358,0,0
2017-11-05,7407.410156,161,162,0
2017-11-07,7144.379883,7,98,0
2017-11-08,7459.689941,51,529,0
2017-11-09,7143.580078,187,1,20
2017-11-10,6618.140137,49,0,60
2017-11-11,6357.600098,13,148,0
2017-11-12,5950.069824,0,52,111
2017-11-14,6635.75,234,0,0
2017-11-15,7315.540039,170,0,0
2017-11-17,7708.990234,466,0,0
2017-11-18,7790.149902,5,42,20
2017-11-19,8036.490234,0,177,11
2017-11-20,8200.639648,1019,174,0
2017-11-21,8071.259766,79,299,0
2017-11-22,8253.549805,58,21431,3
2017-11-23,8038.77002,59,256,12
2017-11-24,8253.69043,0,21,0
2017-11-26,9330.549805,89,125,0
2017-11-27,9818.349609,0,119,0
2017-11-28,10058.799805,1,0,0
2017-11-29,9888.610352,0,1793,0
2017-11-30,10233.599609,0,0,100
2017-12-01,10975.599609,32,0,5763
2017-12-02,11074.599609,13,0,0
2017-12-03,11323.200195,0,27,0
2017-12-04,11657.200195,23,0,0
2017-12-05,11916.700195,204,92,0
2017-12-06,14291.5,620,1,0
2017-12-07,17899.699219,256,1211,192
2017-12-08,16569.400391,47,0,0
2017-12-09,15178.200195,0,3,2008
2017-12-10,15455.400391,137,40,0
2017-12-11,16936.800781,60,251,1
2017-12-12,17415.400391,1487,103,90
2017-12-13,16408.199219,47,2647,0
2017-12-14,16564.0,296,0,0
2017-12-15,17706.900391,7086,50,0
2017-12-16,19497.400391,14,67,0
2017-12-17,19140.800781,0,0,44
2017-12-18,19114.199219,2059,458,0
2017-12-19,17776.699219,115,13,0
2017-12-20,16624.599609,274,238,19
2017-12-21,15802.900391,259,46,1
2017-12-22,13831.799805,531,1108,484
2017-12-23,14699.200195,62,86,28
2017-12-24,13925.799805,0,138,0
2017-12-25,14026.599609,0,24,0
2017-12-27,15838.5,3,58,1
2017-12-28,14606.5,659,32,0
2017-12-29,14656.200195,102,347,671
2017-12-30,12952.200195,34094,237,43
2017-12-31,14156.400391,70,5,0
2018-01-01,13657.200195,191,327,5
2018-01-02,14982.099609,548,198,21
2018-01-03,15201.0,198,504,18
2018-01-04,15599.200195,8,1267,0
2018-01-05,17429.5,475,1784,20
2018-01-06,17527.0,212,88,3
2018-01-07,16477.599609,308,36,19
2018-01-08,15170.099609,1,0,0
2018-01-09,14595.400391,371,150,5
2018-01-10,14973.299805,5,80,40
2018-01-11,13405.799805,1350,9917,1
2018-01-12,13980.599609,0,216,5
2018-01-13,14360.200195,172,14,5
2018-01-14,13772.0,67,75,77
2018-01-15,13819.799805,5,0,0
2018-01-16,11490.5,315,90,63
2018-01-17,11188.599609,195,6,4
2018-01-18,11474.900391,6,186,849
2018-01-19,11607.400391,20,0,0
2018-01-20,12899.200195,21,0,0
2018-01-21,11600.099609,55,0,52
2018-01-22,10931.400391,53,405,0
2018-01-23,10868.400391,0,531,0
2018-01-24,11359.400391,148,66,41
2018-01-25,11259.400391,84,0,0
2018-01-26,11171.400391,188,223,1
2018-01-27,11440.700195,152,15,0
2018-01-28,11786.299805,137,55,0
2018-01-29,11296.400391,756,207,0
2018-01-30,10106.299805,0,0,4
2018-01-31,10221.099609,102,76,0
2018-02-01,9170.540039,269,276,104
2018-02-02,8830.75,27425,308,21
2018-02-03,9174.910156,431,22,2336
2018-02-05,6955.27002,61,674,395
2018-02-06,7754.0,484,2026,737
2018-02-07,7621.299805,3128,629,124
2018-02-08,8265.589844,950,407,58
2018-02-09,8736.980469,578,744,292
2018-02-10,8621.900391,29,59,0
2018-02-11,8129.970215,106,0,570
2018-02-12,8926.570313,30,0,671
2018-02-13,8598.30957,1644,132,55
2018-02-14,9494.629883,1002,604,63
2018-02-15,10166.400391,73,70,1
2018-02-16,10233.900391,245,76,3
2018-02-17,11112.700195,10,0,0
2018-02-18,10551.799805,1055,1,0
2018-02-19,11225.299805,67,213,786
2018-02-20,11403.700195,59,81,0
2018-02-21,10690.400391,1,8,0
2018-02-22,10005.0,231,4,0
2018-02-23,10301.099609,538,141,4
2018-02-24,9813.070313,1,351,2
2018-02-26,10366.700195,610,159,0
2018-02-27,10725.599609,203,179,0
2018-02-28,10397.900391,161,427,12
2018-03-01,10951.0,23,0,0
2018-03-02,11086.400391,131,5,0
2018-03-04,11512.599609,0,78,0
2018-03-05,11573.299805,0,57,0
2018-03-06,10779.900391,465,0,0
2018-03-10,8866.0,61,70,0
2018-03-11,9578.629883,271,80,0
2018-03-12,9205.120117,110,0,0
2018-03-13,9194.849609,97,13,0
2018-03-14,8269.80957,1120,546,81
2018-03-15,8300.860352,383,543,105
2018-03-16,8338.349609,201,242,0
2018-03-17,7916.879883,43,29,0
2018-03-18,8223.679688,155,420,37
2018-03-19,8630.650391,451,542,187
2018-03-20,8913.469727,543,867,119
2018-03-21,8929.280273,634,369,147
2018-03-22,8728.469727,117,570,154
2018-03-23,8879.620117,154,459,31
2018-03-24,8668.120117,52,4838,59
2018-03-25,8495.780273,66,613,1
2018-03-26,8209.400391,171,662,146
2018-03-27,7833.040039,287,331,40
2018-03-28,7954.47998,598,944,19
2018-03-29,7165.700195,200,386,176
2018-03-30,6890.52002,29,124,27
2018-03-31,6973.529785,0,122,0
2018-04-01,6844.22998,36,24,0
2018-04-02,7083.799805,661,168,96
2018-04-03,7456.109863,85,579,153
2018-04-04,6853.839844,61,318,38
2018-04-05,6811.470215,357,591,34
2018-04-06,6636.319824,284,1215,56
2018-04-07,6911.089844,501,195,2
2018-04-08,7023.52002,0,667,20
2018-04-09,6770.72998,1118,529,0
2018-04-10,6834.759766,349,368,235
2018-04-11,6968.319824,510,194,220
2018-04-12,7889.25,523,429,221
2018-04-13,7895.959961,970,413,13
2018-04-14,7986.240234,36,71,14
2018-04-15,8329.110352,70,29,230
2018-04-16,8058.669922,113,199,36
2018-04-17,7902.089844,208,237,0
2018-04-18,8163.419922,186,300,266
2018-04-19,8294.30957,360,190,0
2018-04-20,8845.830078,708,322,391
2018-04-21,8895.580078,0,0,25
2018-04-23,8930.879883,502,582,30
2018-04-24,9697.5,264,872,140
2018-04-25,8845.740234,76,301,116
2018-04-26,9281.509766,365,465,272
2018-04-27,8987.049805,415,19,44
2018-04-28,9348.480469,191,50,0
2018-04-29,9419.080078,326,126,0
2018-04-30,9240.549805,169,52,107
2018-05-01,9119.009766,62,9,138
2018-05-02,9235.919922,543,317,80
2018-05-03,9743.860352,164,254,637
2018-05-04,9700.759766,452,306,52
2018-05-06,9654.799805,0,70,2
2018-05-07,9373.009766,483,191,61
2018-05-08,9234.820313,272,394,52
2018-05-09,9325.179688,304,378,0
2018-05-10,9043.94043,412,251,75
2018-05-11,8441.490234,136,220,61
2018-05-12,8504.889648,29,0,0
2018-05-13,8723.94043,158,55,15
2018-05-14,8716.790039,302,929,78
2018-05-15,8510.379883,332,69,175
2018-05-16,8368.830078,473,745,180
2018-05-17,8094.319824,457,220,20
2018-05-18,8250.969727,132,240,76
2018-05-19,8247.179688,94,23,0
2018-05-20,8513.25,103,27,0
2018-05-21,8418.990234,239,64,19
2018-05-22,8041.779785,44,253,0
2018-05-23,7557.819824,77,365,46
2018-05-24,7587.339844,153,85,1376
2018-05-25,7480.140137,342,66,88
2018-05-26,7355.879883,163,250,41
2018-05-27,7368.220215,137,30,0
2018-05-28,7135.990234,400,48,187
2018-05-29,7472.589844,504,861,253
2018-05-30,7406.52002,97,372,150
2018-05-31,7494.169922,43470,249,95
2018-06-01,7541.450195,527,541,1652
2018-06-02,7643.450195,94,1925,0
2018-06-03,7720.25,139,42,4
2018-06-04,7514.470215,171,230,101
2018-06-05,7633.759766,1373,49,0
2018-06-06,7653.97998,330,436,21
2018-06-07,7678.240234,111,502,127
2018-06-08,7624.919922,23,108,0
2018-06-09,7531.97998,13,28,0
2018-06-10,6786.02002,336,574,28
2018-06-11,6906.919922,136,957,93
2018-06-12,6582.359863,94,364,35
2018-06-13,6349.899902,236,359,0
2018-06-14,6675.350098,576,206,284
2018-06-15,6456.580078,71,0,52
2018-06-17,6499.27002,142,16,0
2018-06-18,6734.819824,187,360,238
2018-06-19,6769.939941,817,80,61
2018-06-20,6776.549805,130,369,126
2018-06-21,6729.740234,187,0,0
2018-06-22,6083.689941,336,160,104
2018-06-24,6173.22998,52,103,0
2018-06-25,6249.180176,388,56,0
2018-06-26,6093.669922,1506,234,0
2018-06-27,6157.129883,490,1087,165
2018-06-28,5903.439941,213,190,0
2018-06-29,6218.299805,681,414,70
2018-06-30,6404.0,162,17,0
2018-07-01,6385.819824,238,39,0
2018-07-02,6614.180176,671,394,201
2018-07-03,6529.589844,120,0,92
2018-07-04,6597.549805,218,79,0
2018-07-05,6639.140137,97,642,0
2018-07-06,6673.5,172,191,0
2018-07-07,6856.930176,28,2,95
2018-07-08,6773.879883,7,0,0
2018-07-09,6741.75,233,403,93
2018-07-10,6329.950195,116,213,0
2018-07-11,6394.709961,0,264,0
2018-07-12,6228.810059,214,341,0
2018-07-13,6238.049805,0,257,0
2018-07-15,6359.640137,221,575,0
2018-07-16,6741.75,623,843,121
2018-07-17,7321.040039,356,610,146
2018-07-18,7370.779785,177,734,0
2018-07-19,7466.859863,112,112,43
2018-07-20,7354.129883,108,35,0
2018-07-23,7711.109863,50,241,149
2018-07-24,8424.269531,517,369,42
2018-07-25,8181.390137,160,241,4
2018-07-26,7951.580078,271,228,104
2018-07-27,8165.009766,132,655,24
2018-07-28,8192.150391,137,40,0
2018-07-29,8218.459961,338,19,40
2018-07-30,8180.47998,97,19,20
2018-07-31,7780.439941,11,340,21
2018-08-01,7624.910156,174,71,31
2018-08-02,7567.149902,0,295,0
2018-08-03,7434.390137,80,991,2
2018-08-04,7032.850098,119,7,48
2018-08-05,7068.47998,7,182,0
2018-08-06,6951.799805,403,553,119
2018-08-07,6753.120117,102,394,33
2018-08-08,6305.799805,87,0,5
2018-08-09,6568.22998,152,0,69
2018-08-10,6184.709961,66,0,26
2018-08-11,6295.72998,90,23,11
2018-08-12,6322.689941,2,234,2046
2018-08-13,6297.569824,89,77,191
2018-08-14,6199.709961,549,50,301
2018-08-15,6308.52002,358,285,15
2018-08-16,6334.72998,32,282,0
2018-08-17,6580.629883,162,103,23
2018-08-18,6423.759766,150,0,53
2018-08-20,6308.529785,414,252,353
2018-08-21,6488.759766,36,169,115
2018-08-22,6376.709961,31,323,23
2018-08-23,6534.879883,737,210,348
2018-08-24,6719.959961,0,0,39
2018-08-25,6763.189941,0,234,129
2018-08-26,6707.259766,0,3,0
2018-08-27,6884.640137,117,216,60
2018-08-28,7096.279785,181,115,58
2018-08-29,7047.160156,55,167,0
2018-08-30,6978.22998,775,2,0
2018-08-31,7037.580078,6,121,0
2018-09-01,7193.25,40,38,96
2018-09-02,7272.720215,565,34,62
2018-09-03,7260.060059,54,108,42
2018-09-04,7361.660156,79,189,103
2018-09-05,6792.830078,225,257,188
2018-09-06,6529.169922,132,114,122
2018-09-07,6467.069824,1,90,103
2018-09-08,6225.97998,0,70,0
2018-09-10,6329.700195,0,574,41
2018-09-11,6321.200195,169,776,127
2018-09-12,6351.799805,592,144,412
2018-09-13,6517.310059,441,64,249
2018-09-14,6512.709961,94,22,89
2018-09-16,6517.180176,0,11,0
2018-09-17,6281.200195,0,129,0
2018-09-18,6371.299805,98,97,0
2018-09-19,6398.540039,155,71,67
2018-09-20,6519.669922,373,85,0
2018-09-21,6734.950195,25,123,78
2018-09-22,6721.97998,175,0,0
2018-09-24,6595.410156,23,109,8
2018-09-25,6446.470215,42,189,0
2018-09-26,6495.0,160,10,0
2018-09-27,6676.75,141,121,138
2018-09-28,6644.129883,252,148,0
2018-10-01,6589.620117,98,57,0
2018-10-02,6556.100098,45,0,27
2018-10-03,6502.589844,42,44,19
2018-10-04,6576.689941,1940,111,0
2018-10-05,6622.47998,454,222,96
2018-10-06,6588.310059,0,0,71
2018-10-07,6602.950195,0,42,13
2018-10-08,6652.22998,157,0,197
2018-10-09,6642.640137,123,176,0
2018-10-10,6585.529785,252,216,0
2018-10-11,6256.240234,913,153,128
2018-10-12,6274.580078,414,160,15
2018-10-13,6285.990234,29,138,0
2018-10-15,6596.540039,1067,418,0
2018-10-16,6596.109863,284,160,47
2018-10-17,6544.430176,119,20,0
2018-10-18,6476.709961,285,688,0
2018-10-19,6465.410156,360,5,39
2018-10-20,6489.189941,0,43,46
2018-10-21,6482.350098,122,0,0
2018-10-22,6487.160156,38,255,0
2018-10-23,6475.740234,1,163,203
2018-10-24,6495.839844,61,17,85
2018-10-25,6476.290039,1117,73,16
2018-10-26,6474.75,0,70,29
2018-10-27,6480.379883,5,0,0
2018-10-28,6486.390137,0,104,0
2018-10-29,6332.629883,160,0,64
2018-10-30,6334.27002,500,98,116
2018-10-31,6317.609863,224,195,63
2018-11-01,6377.779785,295,121,178
2018-11-02,6388.439941,0,108,0
2018-11-03,6361.259766,1,2,0
2018-11-04,6376.129883,0,85,0
2018-11-05,6419.660156,39,137,2
2018-11-06,6461.009766,388,49,95
2018-11-08,6453.720215,84,117,0
2018-11-09,6385.620117,54,0,14
2018-11-13,6359.490234,50,132,0
2018-11-14,5738.350098,0,399,0
2018-11-15,5648.029785,100,71,0
2018-11-16,5575.549805,20,183,0
2018-11-17,5554.330078,7,168,358
2018-11-19,4871.490234,346,436,25
2018-11-20,4451.870117,703,309,0
2018-11-21,4602.169922,5,204,87
2018-11-22,4365.939941,0,61,0
2018-11-23,4347.109863,135,202,72
2018-11-24,3880.76001,158,4,74
2018-11-25,4009.969971,48,211,1278
2018-11-26,3779.129883,167,165,1
2018-11-27,3820.719971,747,820,1075
2018-11-28,4257.419922,23,789,134
2018-11-29,4278.84668,43,12,69
2018-11-30,4017.268555,0,304,71
2018-12-01,4214.671875,212,0,0
2018-12-03,3894.130859,125,0,167
2018-12-04,3956.893799,10,379,0
2018-12-05,3753.994873,0,125,0
2018-12-06,3521.101807,81,70,102
2018-12-07,3419.937256,294,69,112
2018-12-10,3502.656006,0,0,22
2018-12-11,3424.588135,521,582,0
2018-12-12,3486.950195,31,313,0
2018-12-13,3313.677246,248,192,364
2018-12-14,3242.484863,192,114,0
2018-12-15,3236.761719,65,0,1
2018-12-16,3252.839111,19,0,0
2018-12-17,3545.864746,480,122,19
2018-12-18,3696.059082,196,386,0
2018-12-19,3745.950684,96,876,90
2018-12-20,4134.441406,274,174,41
2018-12-21,3896.543701,18,498,0
2018-12-24,4078.599121,5,76,0
2018-12-25,3815.490723,23,0,1
2018-12-26,3857.297607,0,0,2
2018-12-27,3654.833496,14,0,0
2018-12-28,3923.918701,3,0,99
2018-12-29,3820.408691,1,0,1
2018-12-31,3742.700439,4,0,0
2019-01-01,3843.52002,1,0,0
2019-01-02,3943.409424,445,2090,30
2019-01-03,3836.741211,4,55,431
2019-01-04,3857.717529,3,1,4
2019-01-06,4076.632568,40,1,0
2019-01-07,4025.248291,823,299,0
2019-01-08,4030.8479,80,54,0
2019-01-09,4035.296387,31,398,1
2019-01-10,3678.924561,103,170,0
2019-01-11,3687.365479,0,0,24
2019-01-13,3552.953125,1,0,0
2019-01-14,3706.052246,56,51,0
2019-01-15,3630.675293,43,0,0
2019-01-16,3655.006836,1,0,148
2019-01-17,3678.563965,378,0,0
2019-01-18,3657.839355,0,0,30
2019-01-20,3601.013672,92,0,0
2019-01-21,3576.032471,2,0,38
2019-01-22,3604.577148,2,122,0
2019-01-23,3585.123047,97,1,2
2019-01-24,3600.865479,5,4,1
2019-01-25,3599.765869,111,35,0
2019-01-26,3602.460449,1,0,1
2019-01-27,3583.96582,0,1,0
2019-01-28,3470.450439,7,17,48
2019-01-29,3448.116943,470,101,16
2019-01-30,3486.181641,403,58,1
2019-01-31,3457.792725,53,109,3
2019-02-01,3487.945313,2,57,1
2019-02-02,3521.060791,2,0,0
2019-02-03,3464.013428,2,0,0
2019-02-04,3459.154053,0,224,1
2019-02-05,3466.357422,506,116,0
2019-02-06,3413.767822,16,0,0
2019-02-07,3399.47168,3347,19,0
2019-02-08,3666.780273,0,25,0
2019-02-10,3690.188232,0,3,0
2019-02-11,3648.430664,68,256,53
2019-02-12,3653.528564,113,68,0
2019-02-13,3632.070557,138,147,0
2019-02-14,3616.880859,310,130,0
2019-02-15,3620.810791,86,0,0
2019-02-19,3947.094482,289,103,0
2019-02-20,3999.820557,300,41,58
2019-02-21,3954.118164,194,48,0
2019-02-22,4005.526611,57,16,0
2019-02-23,4142.526855,10,1,0
2019-02-25,3882.696289,247,0,0
2019-02-26,3854.35791,53,65,0
2019-02-27,3851.047363,104,0,0
2019-03-01,3859.58374,8,37,65
2019-03-02,3864.415039,201,19,22
2019-03-03,3847.175781,0,53,0
2019-03-04,3761.557129,1,1,62
2019-03-05,3896.375,13,31,1
2019-03-06,3903.942627,1,910,1
2019-03-07,3911.484375,6,30,0
2019-03-08,3901.131592,2,9,5
2019-03-09,3963.313721,2,0,0
2019-03-10,3951.599854,86,0,0
2019-03-11,3905.227295,48,65,0
2019-03-12,3909.15625,0,159,1
2019-03-13,3906.717285,14,0,0
2019-03-14,3924.369141,194,0,0
2019-03-15,3960.911133,99,5,263
2019-03-16,4048.72583,0,0,1
2019-03-17,4025.229004,3,1,0
2019-03-18,4032.507324,62,0,0
2019-03-19,4071.190186,142,26,25
2019-03-20,4087.476318,68,57,0
2019-03-21,4029.326904,0,2,47
2019-03-22,4023.968262,101,0,0
2019-03-23,4035.826416,6,176,0
2019-03-24,4022.168213,0,0,471
2019-03-25,3963.070557,0,0,28
2019-03-26,3985.080811,0,46,0
2019-03-27,4087.066162,4,52,0
2019-03-28,4069.107178,57,0,0
2019-03-29,4098.374512,0,69,65
2019-04-01,4158.183105,0,218,0
2019-04-02,4879.87793,569,237,109
2019-04-03,4973.021973,139,0,228
2019-04-04,4922.798828,12,51,0
2019-04-05,5036.681152,1,98,0
2019-04-08,5289.770996,8,35,0
2019-04-09,5204.958496,156,213,0
2019-04-10,5324.551758,44,49,0
2019-04-11,5064.487793,50,0,0
2019-04-12,5089.539063,5,132,2
2019-04-13,5096.586426,0,1,3
2019-04-14,5167.722168,5,0,1
2019-04-15,5067.108398,8,29,3
2019-04-16,5235.55957,178,0,4
2019-04-17,5251.937988,99,27,141
2019-04-18,5298.385742,561,57,44
2019-04-19,5303.8125,301,2,2
2019-04-20,5337.88623,0,24,2
2019-04-21,5314.53125,6,2,0
2019-04-22,5399.365234,2,0,0
2019-04-23,5572.362305,0,2,2
2019-04-24,5464.866699,55,537,0
2019-04-25,5210.515625,176,17,0
2019-04-26,5279.348145,2,68,3
2019-04-27,5268.291016,4,3,0
2019-04-28,5285.13916,0,99,0
2019-04-29,5247.352539,88,0,0
2019-04-30,5350.726563,106,0,0
2019-05-01,5402.697266,88,0,0
2019-05-02,5505.283691,473,14,1
2019-05-03,5768.289551,62,170,0
2019-05-04,5831.16748,3,0,3
2019-05-05,5795.708496,23,0,264
2019-05-06,5746.807129,696,0,165
2019-05-07,5829.501465,231,17,2
2019-05-08,5982.45752,281,266,137
2019-05-09,6174.528809,363,77,47
2019-05-10,6378.849121,52,183,39
2019-05-11,7204.771484,1,1,2
2019-05-12,6972.371582,1,4,5
2019-05-13,7814.915039,312,58,294
2019-05-14,7994.416016,143,273,26
2019-05-15,8205.167969,235,68,0
2019-05-16,7884.90918,31,206,1
2019-05-17,7343.895508,103,46,0
2019-05-18,7271.208008,7,11,0
2019-05-19,8197.689453,1,0,2
2019-05-20,7978.309082,16,347,0
2019-05-21,7963.327637,85,103,83
2019-05-22,7680.066406,87,138,43
2019-05-23,7881.84668,222,2,0
2019-05-24,7987.371582,250,0,0
2019-05-26,8673.21582,1,0,0
2019-05-27,8805.77832,271,0,1
2019-05-28,8719.961914,4,0,159
2019-05-29,8659.487305,62,51,51
2019-05-30,8319.472656,84,20,1
2019-05-31,8574.501953,16,55,348
2019-06-01,8564.016602,0,5,0
2019-06-02,8742.958008,16,0,84
2019-06-03,8208.995117,43,699,1
2019-06-04,7707.770996,43,0,171
2019-06-05,7824.231445,59,0,3
2019-06-06,7822.023438,15,0,141
2019-06-07,8043.951172,4,201,13
2019-06-08,7954.12793,0,69,0
2019-06-10,8000.32959,34,1,0
2019-06-11,7927.714355,0,75,0
2019-06-12,8145.857422,8,0,0
2019-06-13,8230.923828,165,38,0
2019-06-14,8693.833008,70,60,0
2019-06-15,8838.375,2,3,1
2019-06-17,9320.352539,7,688,0
2019-06-18,9081.762695,604,157,5
2019-06-19,9273.521484,106,271,1
2019-06-20,9527.160156,139,87,2
2019-06-21,10144.556641,0,161,0
2019-06-22,10701.691406,1,1,0
2019-06-23,10855.371094,1,0,0
2019-06-24,11011.102539,248,76,30
2019-06-25,11790.916992,128,49,0
2019-06-26,13016.231445,310,293,0
2019-06-27,11182.806641,397,37,0
2019-06-28,12407.332031,44,169,42
2019-07-01,10583.134766,50,126,1
2019-07-02,10801.677734,220,15,58
2019-07-03,11961.269531,48,92,0
2019-07-04,11215.4375,2,0,0
2019-07-05,10978.459961,0,22,0
2019-07-06,11208.550781,3,0,0
2019-07-07,11450.84668,0,1,0
2019-07-08,12285.958008,350,8,0
2019-07-09,12573.8125,2,0,1
2019-07-10,12156.512695,116,159,0
2019-07-11,11358.662109,28,106,3
2019-07-12,11815.986328,51,109,183
2019-07-13,11392.378906,63,3,2
2019-07-15,10895.089844,727,105,222
2019-07-16,9477.641602,432,347,51
2019-07-17,9693.802734,800,620,94
2019-07-18,10666.482422,53,50,15
2019-07-19,10530.732422,112,2,0
2019-07-20,10767.139648,5,1,0
2019-07-21,10599.105469,23,1,0
2019-07-22,10343.106445,34,0,0
2019-07-23,9900.767578,35,52,0
2019-07-24,9811.925781,234,1,0
2019-07-25,9911.841797,2,1,89
2019-07-26,9870.303711,84,0,0
2019-07-29,9519.145508,33,3,56
2019-07-30,9607.423828,45,1,0
2019-07-31,10085.62793,10,0,0
2019-08-01,10399.668945,108,0,0
2019-08-02,10518.174805,11,2,16
2019-08-03,10821.726563,1,0,0
2019-08-05,11805.65332,10,0,0
2019-08-06,11478.168945,16,6,0
2019-08-07,11941.96875,78,4,270
2019-08-08,11966.407227,687,4,0
2019-08-09,11862.936523,54,11,0
2019-08-10,11354.024414,6,0,0
2019-08-12,11382.616211,265,0,0
2019-08-13,10895.830078,130,83,0
2019-08-14,10051.704102,44,64,0
2019-08-15,10311.545898,66,37,0
2019-08-16,10374.338867,0,137,0
2019-08-19,10916.053711,112,47,0
2019-08-20,10763.232422,59,1,1
2019-08-21,10138.049805,80,0,0
2019-08-22,10131.055664,163,50,0
2019-08-23,10407.964844,0,8,11
2019-08-26,10370.820313,298,1,0
2019-08-27,10185.5,151,167,76
2019-08-28,9754.422852,52,60,43
2019-08-29,9510.200195,89,1,53
2019-08-30,9598.173828,241,15,0
2019-08-31,9630.664063,1,0,1
2019-09-01,9757.970703,1,0,1
2019-09-02,10346.760742,11,3,2
2019-09-03,10623.540039,195,146,0
2019-09-04,10594.493164,4581,85,35
2019-09-05,10575.533203,108,30,22
2019-09-06,10353.302734,60,259,1
2019-09-07,10517.254883,2,1,0
2019-09-08,10441.276367,1,72,3
2019-09-09,10334.974609,7,0,0
2019-09-10,10115.975586,82,1,0
2019-09-11,10178.37207,115,36,2
2019-09-12,10410.126953,79,74,47
2019-09-13,10360.546875,67,15,2
2019-09-14,10358.048828,4,0,1
2019-09-15,10347.712891,2,97,1
2019-09-16,10276.793945,17,7,4
2019-09-17,10241.272461,72,0,0
2019-09-18,10198.248047,11,1,80
2019-09-19,10266.415039,65,168,1
2019-09-20,10181.641602,20,40,0
2019-09-21,10019.716797,1,1,1
2019-09-22,10070.392578,48,1,0
2019-09-23,9729.324219,92,188,0
2019-09-24,8620.566406,183,38,30
2019-09-25,8486.993164,82,0,25
2019-09-26,8118.967773,208,63,1
2019-09-27,8251.845703,606,56,64
2019-09-28,8245.915039,100,0,0
2019-09-30,8293.868164,6,0,0
2019-10-01,8343.276367,51,70,106
2019-10-02,8393.041992,109,239,1
2019-10-03,8259.992188,147,74,0
2019-10-04,8205.939453,1,0,0
2019-10-05,8151.500488,21,25,0
2019-10-06,7988.155762,30,0,0
2019-10-07,8245.623047,81,38,0
2019-10-08,8228.783203,2,53,0
2019-10-09,8595.740234,0,112,0
2019-10-10,8586.473633,0,62,0
2019-10-11,8321.756836,66,79,31
2019-10-12,8336.555664,8,7,1
2019-10-13,8321.005859,0,1,1
2019-10-14,8374.686523,124,15,0
2019-10-15,8205.369141,165,3,0
2019-10-16,8047.526855,117,410,0
2019-10-17,8103.911133,35,0,0
2019-10-18,7973.20752,0,72,0
2019-10-20,8222.078125,0,237,0
2019-10-21,8243.720703,18,0,0
2019-10-22,8078.203125,119,81,0
2019-10-23,7514.671875,352,267,33
2019-10-24,7493.48877,136,87,99
2019-10-25,8660.700195,170,64,0
2019-10-26,9244.972656,5,2,0
2019-10-27,9551.714844,34,783,1
2019-10-28,9256.148438,244,120,48
2019-10-29,9427.6875,91,201,27
2019-10-30,9205.726563,0,83,0
2019-10-31,9199.584961,60,54,0
2019-11-01,9261.104492,0,18,1
2019-11-02,9324.717773,0,5,0
2019-11-04,9412.612305,44,57,214
2019-11-05,9342.527344,99,36,0
2019-11-06,9360.879883,130,144,0
2019-11-07,9267.561523,42,50,67
2019-11-08,8804.880859,100,0,0
2019-11-09,8813.582031,0,53,0
2019-11-11,8757.788086,14,104,0
2019-11-12,8815.662109,140,51,0
2019-11-13,8808.262695,424,51,32
2019-11-14,8708.094727,70,68,0
2019-11-15,8491.992188,23,1,15
2019-11-16,8550.760742,1,0,0
2019-11-17,8577.975586,3,0,1
2019-11-18,8309.286133,2,1,86
2019-11-19,8206.145508,36,33,0
2019-11-20,8027.268066,127,123,0
2019-11-21,7642.75,69,1,64
2019-11-22,7296.577637,157,0,139
2019-11-23,7397.796875,2,1,0
2019-11-24,7047.916992,2,29,2
2019-11-25,7146.133789,93,80,59
2019-11-26,7218.371094,0,1,43
2019-11-27,7531.663574,40,47,1
2019-11-28,7463.105957,1,18,32
2019-11-29,7761.243652,0,53,1
2019-11-30,7569.629883,5,5,3
2019-12-01,7424.29248,0,8,374
2019-12-02,7321.988281,155,39,6
2019-12-03,7320.145508,52,4,2
2019-12-04,7252.034668,260,11,19
2019-12-05,7448.307617,18,5,27
2019-12-06,7546.996582,108,2,0
2019-12-07,7556.237793,61,0,2
2019-12-08,7564.345215,3,1,222
2019-12-09,7400.899414,36,41,4
2019-12-10,7278.119629,1262,78,0
2019-12-11,7217.427246,808,7,4
2019-12-12,7243.134277,33,45,1
2019-12-13,7269.68457,18,1,1
2019-12-14,7124.673828,8,6,5
2019-12-15,7152.301758,2,2,0
2019-12-16,6932.480469,77,1654,84
2019-12-17,6640.515137,2,44,0
2019-12-18,7276.802734,254,0,1
2019-12-19,7202.844238,1,21,0
2019-12-20,7218.816406,0,33,0
2019-12-22,7511.588867,0,3,1
2019-12-23,7355.628418,1,33,0
2019-12-24,7322.532227,2,3,1
2019-12-25,7275.155762,69,1,1
2019-12-26,7238.966797,38,7,1
2019-12-27,7290.088379,106,0,3
2019-12-28,7317.990234,2,0,1
2019-12-29,7422.652832,0,1,0
2019-12-30,7292.995117,3,130,0
2019-12-31,7193.599121,127,0,0
2020-01-01,7200.174316,0,0,1
2020-01-02,6985.470215,98,0,0
2020-01-03,7344.884277,311,76,2
2020-01-04,7410.656738,16,0,1
2020-01-05,7411.317383,3,0,0
2020-01-06,7769.219238,0,1,0
2020-01-07,8163.692383,152,0,0
2020-01-08,8079.862793,144,1,0
2020-01-09,7879.071289,107,1,1
2020-01-11,8037.537598,1,0,5
2020-01-12,8192.494141,2,1,2
2020-01-13,8144.194336,0,87,15
2020-01-14,8827.764648,156,233,4
2020-01-15,8807.010742,8,421,0
2020-01-16,8723.786133,137,277,1
2020-01-17,8929.038086,20,53,0
2020-01-18,8942.808594,1,9,2
2020-01-19,8706.245117,15,61,0
2020-01-20,8657.642578,62,96,0
2020-01-21,8745.894531,36,354,0
2020-01-22,8680.875977,61,7,0
2020-01-23,8406.515625,11,1,6
2020-01-24,8445.43457,0,1,0
2020-01-27,8909.819336,94,679,0
2020-01-28,9358.589844,131,56,0
2020-01-29,9316.629883,0,88,94
2020-01-30,9508.993164,0,64,0
2020-01-31,9350.529297,157,47,9
2020-02-01,9392.875,3,1,3
2020-02-02,9344.365234,2,37,0
2020-02-03,9293.521484,27,1,28
2020-02-04,9180.962891,43,39,1
2020-02-05,9613.423828,0,30,0
2020-02-06,9729.801758,34,242,128
2020-02-07,9795.943359,2,35,2
2020-02-08,9865.119141,0,104,1
2020-02-09,10116.673828,227,133,1
2020-02-10,9856.611328,2,39,0
2020-02-11,10208.236328,6,3,0
2020-02-12,10326.054688,266,84,1
2020-02-13,10214.379883,27,50,58
2020-02-14,10312.116211,54,0,0
2020-02-15,9889.424805,8,0,22
2020-02-16,9934.433594,14,65,0
2020-02-17,9690.142578,6,0,0
2020-02-18,10141.996094,1,11,0
2020-02-19,9633.386719,1,97,0
2020-02-20,9608.475586,0,49,58
2020-02-21,9686.441406,140,91,9
2020-02-22,9663.181641,64,1,1
2020-02-23,9924.515625,0,6,0
2020-02-24,9650.174805,16,15,0
2020-02-25,9341.705078,0,103,0
2020-02-26,8820.522461,738,2,235
2020-02-27,8784.494141,74,126,0
2020-02-28,8672.455078,32,1,0
2020-02-29,8599.508789,1,49,0
2020-03-01,8562.454102,200,73,11
2020-03-02,8869.669922,12,91,84
2020-03-03,8787.786133,52,0,0
2020-03-04,8755.246094,572,8,0
2020-03-05,9078.762695,926,11,4
2020-03-06,9122.545898,0,1,15
2020-03-08,8108.116211,9,2,0
2020-03-09,7923.644531,309,40,48
2020-03-10,7909.729492,75,17,20
2020-03-11,7911.430176,30,16,3
2020-03-12,4970.788086,275,72,227
2020-03-13,5563.707031,40,34,1
2020-03-14,5200.366211,5,4,2
2020-03-15,5392.314941,21,0,0
2020-03-16,5014.47998,182,1,0
2020-03-17,5225.629395,42,0,0
2020-03-18,5238.438477,367,21,33
2020-03-19,6191.192871,4640,57,0
2020-03-20,6198.77832,63,1,0
2020-03-21,6185.066406,35,1,0
2020-03-22,5830.254883,1,1,6
2020-03-23,6416.314941,40,31,0
2020-03-24,6734.803711,0,154,0
2020-03-25,6681.062988,896,38,0
2020-03-26,6716.44043,138,123,108
2020-03-27,6469.79834,84,14,0
2020-03-28,6242.193848,0,89,1
2020-03-29,5922.042969,2,14,1
2020-03-30,6429.841797,10,430,104
2020-03-31,6438.644531,49,34,30
2020-04-01,6606.776367,35,39,0
2020-04-02,6793.624512,100,2,38
2020-04-03,6733.387207,38,9,47
2020-04-04,6867.527344,2,1,0
2020-04-05,6791.129395,122,0,1
2020-04-06,7271.78125,45,47,0
2020-04-07,7176.414551,77,4,0
2020-04-08,7334.098633,0,19,30
2020-04-09,7302.089355,405,188,0
2020-04-10,6865.493164,1,0,43
2020-04-11,6859.083008,14,1,1
2020-04-12,6971.091797,4,2,0
2020-04-13,6845.037598,6,511,159
2020-04-14,6842.427734,440,55,0
2020-04-15,6642.109863,155,97,0
2020-04-16,7116.804199,1370,1,0
2020-04-17,,45,1,0
2020-04-18,7257.665039,165,0,1
2020-04-20,6881.958496,101,252,46
2020-04-21,6880.323242,0,204,0
2020-04-22,7117.20752,171,71,85
2020-04-23,7429.724609,221,68,0
2020-04-24,7550.900879,86,1,7
2020-04-25,7569.936035,8,2,1
2020-04-26,7679.867188,0,2,0
2020-04-27,7795.601074,308,363,2
2020-04-28,7807.058594,75,97,1307
2020-04-29,8801.038086,166,40,49
2020-04-30,8658.553711,105,190,279
2020-05-01,8864.766602,0,23,0
2020-05-02,8988.59668,0,1,2
2020-05-03,8897.46875,0,133,0
2020-05-04,8912.654297,463,1,0
2020-05-05,9003.070313,1,42,0
2020-05-06,9268.761719,68,1,52
2020-05-07,9951.518555,0,24,77
2020-05-08,9842.666016,81,1,1
2020-05-09,9593.896484,1,2,1
2020-05-10,8756.430664,0,1,3
2020-05-11,8601.795898,193,296,28
2020-05-12,8804.477539,65,26,0
2020-05-13,9269.987305,50,108,99
2020-05-14,9733.72168,124,2,26
2020-05-15,9328.197266,149,126,84
2020-05-16,9377.013672,4,3,3
2020-05-17,9670.739258,19,77,0
2020-05-19,9729.038086,76,0,0
2020-05-20,9522.981445,139,0,0
2020-05-21,9081.761719,256,77,2
2020-05-22,9182.577148,401,497,0
2020-05-23,9209.287109,58,2,0
2020-05-24,8790.368164,1,1,0
2020-05-25,8906.93457,208,36,1
2020-05-26,8835.052734,454,2,0
2020-05-27,9181.017578,168,59,0
2020-05-28,9525.750977,107,289,0
2020-05-29,9439.124023,328,0,1
2020-05-30,9700.414063,219,0,0
2020-06-01,10167.268555,1141,56,0
2020-06-02,9529.803711,139,206,1
2020-06-03,9656.717773,242,45,0
2020-06-04,9800.636719,311,223,0
2020-06-05,9665.533203,1,49,0
2020-06-08,9771.489258,0,31,21
2020-06-09,9795.700195,218,124,0
2020-06-10,9870.094727,109,103,0
2020-06-11,9321.78125,224,119,0
2020-06-12,9480.84375,187,226,0
2020-06-13,9475.277344,0,1,0
2020-06-15,9450.702148,270,465,138
2020-06-16,9538.024414,1043,0,0
2020-06-17,9480.254883,30,72,0
2020-06-18,9411.84082,164,339,215
2020-06-19,9288.018555,25,190,0
2020-06-20,9332.34082,0,79,0
2020-06-23,9629.658203,457,36,0
2020-06-24,9313.610352,0,140,0
2020-06-25,9264.813477,2909,128,809
2020-06-26,9162.917969,348,36,60
2020-06-27,9045.390625,122,25,0
2020-06-28,9143.582031,37,9,0
2020-06-29,9190.854492,720,32,548
2020-06-30,9137.993164,308,892,575
2020-07-01,9228.325195,900,481,30
2020-07-02,9123.410156,1131,354,64
2020-07-03,9087.303711,1586,525,66
2020-07-04,9132.488281,164,618,1
2020-07-05,9073.942383,4,306,20
2020-07-06,9375.474609,228,375,36
2020-07-07,9252.277344,394,93,88
2020-07-08,9428.333008,3965,56,4
2020-07-09,9277.967773,584,182,16
2020-07-10,9278.807617,306,108,356
2020-07-11,9240.34668,706,14,36
2020-07-12,9276.5,1,0,1
2020-07-13,9243.614258,293,83,0
2020-07-14,9243.213867,1497,438,1
2020-07-15,9192.836914,1607,597,821
2020-07-16,9132.227539,578,1481,14006
2020-07-17,9151.392578,784,443,5
2020-07-18,9159.040039,1986,478,0
2020-07-19,9185.817383,8,1,1
2020-07-20,9164.231445,29,12,388
2020-07-21,9374.887695,541,53,0
2020-07-22,9525.363281,749,322,394
2020-07-23,9581.072266,111,357,18
2020-07-24,9536.892578,181,399,2
2020-07-25,9677.113281,136,143,76
2020-07-26,9905.166992,167,4,0
2020-07-27,10990.873047,73,713,505
2020-07-28,10912.823242,30,25,0
2020-07-29,11100.467773,894,36,1362
2020-07-30,11111.213867,725,708,29
2020-07-31,11323.466797,205,146,83
2020-08-01,11759.592773,204,979,1627
2020-08-02,11053.614258,24,75,0
2020-08-03,11246.348633,240,23,353
2020-08-04,11205.892578,929,1216,161
2020-08-05,11747.022461,440,209,738
2020-08-06,11779.773438,1106,134,0
2020-08-07,11601.472656,209,1,0
2020-08-08,11754.045898,39,7,255
2020-08-09,11675.739258,143,228,1
2020-08-10,11878.111328,913,737,0
2020-08-11,11410.525391,2759,451,61
2020-08-12,11584.93457,238,477,0
2020-08-13,11784.137695,589,3288,0
2020-08-14,11768.871094,997,152,2
2020-08-15,11865.698242,454,19,101
2020-08-16,11892.803711,0,1,0
2020-08-17,12254.402344,1143,6,376
2020-08-18,11991.233398,87,229,1131
2020-08-19,11758.283203,603,253,1
2020-08-20,11878.37207,326,27,65
2020-08-21,11592.489258,402,124,0
2020-08-22,11681.825195,0,275,0
2020-08-23,11664.847656,37,3,0
2020-08-24,11774.595703,678,200,0
2020-08-25,11366.134766,548,2,0
2020-08-26,11488.363281,602,39,242
2020-08-27,11323.397461,6,1373,82
2020-08-28,11542.5,229,372,17
2020-08-29,11506.865234,26,233,0
2020-08-30,11711.505859,220,1109,2
2020-08-31,11680.820313,417,801,2
2020-09-01,11970.478516,1297,47,63
2020-09-02,11414.03418,200,427,0
2020-09-03,10245.296875,91,86,72
2020-09-04,10511.813477,193,803,0
2020-09-05,10169.567383,975,11,3
2020-09-06,10280.351563,206,3950,1002
2020-09-07,10369.563477,720,232,1
2020-09-08,10131.516602,229,767,629
2020-09-09,10242.347656,125,1568,1009
2020-09-10,10363.138672,1060,308,68
2020-09-11,10400.915039,183,828,25
2020-09-12,10442.170898,402,1243,0
2020-09-13,10323.755859,121,223,44
2020-09-14,10680.837891,231,90,3
2020-09-15,10796.951172,562,3095,0
2020-09-16,10974.905273,1033,54,4
2020-09-17,10948.990234,909,89,2262
2020-09-18,10944.585938,1839,745,3365
2020-09-19,11094.34668,515,45,1
2020-09-20,10938.271484,1112,10,6
2020-09-21,10462.259766,1072,194,53
2020-09-22,10538.459961,667,545,1222
2020-09-23,10225.864258,3417,34497,646
2020-09-24,10745.548828,1219,4174,59
2020-09-25,10702.290039,10620,13669,302
2020-09-26,10754.4375,7282,143436,1312
2020-09-27,10774.426758,837,31,26
2020-09-28,10721.327148,2757,39,1233
2020-09-29,10848.830078,5485,5190,304
2020-09-30,10787.618164,704,241,717
2020-10-01,10623.330078,2490,1591,280
2020-10-02,10585.164063,3698,3859,266
2020-10-03,10565.493164,444,1127,676
2020-10-04,10684.428711,75162,11345,611
2020-10-05,10804.000977,3695,4191,450
2020-10-06,10621.664063,10039,2881,11448
2020-10-07,10679.136719,5173,2705,410
2020-10-08,10923.62793,18978,1960,260
2020-10-09,,1522,2476,1165
2020-10-10,11296.361328,12888,1222,306
2020-10-11,11384.181641,4617,148,439
2020-10-12,,2045,878,2066
2020-10-13,,6303,29100,948
2020-10-14,11429.506836,25969,1898,39806
2020-10-15,11495.349609,1722,876,589
2020-10-16,11322.123047,5524,2446,253
2020-10-17,11358.101563,1693,2463,232
2020-10-18,11483.359375,456,191,156
2020-10-19,11742.037109,256,2587,802
2020-10-20,11916.334961,3182,829,3790
2020-10-21,12823.689453,12387,1932,3273
2020-10-22,12965.891602,5087,682,1605
2020-10-23,12931.539063,1217,1435,5
2020-10-24,13108.0625,1192,11635,722
2020-10-25,13031.173828,1284,346,1383
2020-10-26,13075.248047,505,944,752
2020-10-27,13654.21875,2719,1452,176
2020-10-28,13271.285156,11372,16243,392
2020-10-29,13437.882813,1918,18693,195
2020-10-30,13546.522461,640,670,564
2020-10-31,13780.995117,3600,475,502
2020-11-01,13737.109375,2522,1247,1922
2020-11-02,13550.489258,7770,792,496
2020-11-03,13950.300781,1865,721,7970
2020-11-04,14133.707031,1875,630,337
2020-11-05,15579.848633,768,7760,56
2020-11-06,15565.880859,45380,5397,480
2020-11-07,14833.753906,1085,11345,1
2020-11-08,15479.567383,964,4784,331
2020-11-09,15332.31543,2277,22338,6328
2020-11-10,15290.902344,8548,1413,7925
2020-11-11,15701.339844,3063,4152,437
2020-11-12,16276.34375,11175,4236,23
2020-11-13,16317.808594,6611,20424,142777
2020-11-14,16068.138672,10290,7262,957
2020-11-15,15955.587891,31572,16368,296
2020-11-16,16716.111328,2819,23345,558
2020-11-17,17645.40625,12193,17376,3585
2020-11-18,17804.005859,4068,9004,690
2020-11-19,17817.089844,2241,310,53
2020-11-20,18621.314453,4305,1063,354
2020-11-21,18642.232422,4115,14718,202
2020-11-22,18370.001953,5160,261,651
2020-11-23,18364.121094,1853,1793,742
2020-11-24,19107.464844,6773,4624,124
2020-11-25,18732.121094,3356,6052,90
2020-11-26,17150.623047,10646,1346,164
2020-11-27,17108.402344,773,438,1024
2020-11-28,17717.414063,1846,971,143
2020-11-29,18177.484375,592,455,407
2020-11-30,19625.835938,2509,1477,77
2020-12-01,18802.998047,1744,1344,377
2020-12-02,19201.091797,2695,7428,2242
2020-12-03,19445.398438,3232,6438,244
2020-12-04,18699.765625,2588,4904,2310
2020-12-05,19154.230469,1998,436,5
2020-12-06,19345.121094,4374,5897,17
2020-12-07,19191.630859,5600,21695,12
2020-12-08,18321.144531,1976,9891,13039
2020-12-09,18553.916016,21382,56886,12
2020-12-10,18264.992188,2880,22163,115
2020-12-11,18058.904297,1112,3380,790
2020-12-12,18803.65625,1910,1868,1074
2020-12-13,19142.382813,4143,623,25
2020-12-14,19246.644531,1198,109411,13
2020-12-15,19417.076172,877,1118,647
2020-12-16,21310.597656,5828,11800,264
2020-12-17,22805.162109,33939,4881,722
2020-12-18,23137.960938,118,1865,82
2020-12-19,23869.832031,10409,4036,501
2020-12-20,23477.294922,28569,93704,19567
2020-12-21,22803.082031,13508,292,4358
2020-12-22,23783.029297,1578,10816,3071
2020-12-23,23241.345703,3682,1488,343
2020-12-24,23735.949219,6185,10618,2200
2020-12-25,24664.791016,21833,1700,234
2020-12-26,26437.037109,520,1090,534
2020-12-27,26272.294922,13449,1169,774
2020-12-28,27084.808594,5396,3843,1168
2020-12-29,27362.4375,17188,26848,39922
2020-12-30,28840.953125,5710,19810,1205
2020-12-31,29001.720703,10331,10238,1475
2021-01-01,29374.152344,3179,2552,655
2021-01-02,32127.267578,19302,9447,496
2021-01-03,32782.023438,24373,7811,1223
2021-01-04,31971.914063,3617,8977,2368
2021-01-05,33992.429688,5055,1952,902
2021-01-06,36824.363281,5702,1806,659
2021-01-07,39371.042969,18406,136800,18999
2021-01-08,40797.609375,20795,22736,3630
2021-01-09,40254.546875,75921,25096,1501
2021-01-10,38356.441406,7836,3584,1282
2021-01-11,35566.65625,37906,2175,266
2021-01-12,33922.960938,7195,172715,1207
2021-01-13,37316.359375,14302,134224,7706
2021-01-14,39187.328125,15020,4143,1739
2021-01-15,36825.367188,16922,13591,1832
2021-01-16,36178.140625,6278,5305,946
2021-01-17,35791.277344,2680,2416,1962
2021-01-18,36630.074219,15532,5317,792
2021-01-19,36069.804688,5983,3374,922
2021-01-20,35547.75,6768,29843,1901
2021-01-21,30825.699219,64454,8314,3109
2021-01-22,33005.761719,14958,3785,5939
2021-01-23,32067.642578,2939,624,4433
2021-01-24,32289.378906,8069,18887,2992
2021-01-25,32366.392578,8223,4196,1334
2021-01-26,32569.849609,23074,57002,823
2021-01-27,30432.546875,5427,9022,42727
2021-01-28,31649.605469,376890,309827,44397
2021-01-29,34316.386719,19694,252211,20756
2021-01-30,34269.523438,25666,16006,8915
2021-01-31,33114.359375,24080,45596,2104
2021-02-01,33537.175781,29738,28315,5743
2021-02-02,35510.289063,12025,31453,5679
2021-02-03,37472.089844,8134,4229,4053
2021-02-04,36926.066406,184934,443996,11798
2021-02-05,38144.308594,1851,14206,7747
2021-02-06,39266.011719,50354,131553,1848
2021-02-07,38903.441406,9961,242442,1987
2021-02-08,46196.464844,10405,149211,9646
2021-02-09,46481.105469,27679,25895,13623
2021-02-10,44918.183594,42862,105796,2408
2021-02-11,47909.332031,44641,52690,1940
2021-02-12,47504.851563,18259,16699,7813
2021-02-13,47105.515625,6186,41941,4577
2021-02-14,48717.289063,42869,3674,1283
2021-02-15,47945.058594,9254,100162,1279
2021-02-16,49199.871094,24824,21440,3934
2021-02-17,52149.007813,11165,23630,419
2021-02-18,51679.796875,7538,23009,4117
2021-02-19,55888.132813,22405,106487,4287
2021-02-20,56099.519531,22882,55577,949854
2021-02-21,57539.945313,6424,63162,9201
2021-02-22,54207.320313,9465,10788,4686
2021-02-23,48824.425781,11926,32244,7479
2021-02-24,49705.332031,13973,91259,7817
2021-02-25,47093.851563,29665,94793,18450
2021-02-26,46339.761719,5314,34583,2747
2021-02-27,46188.453125,3478,5011,1981
2021-02-28,45137.769531,5276,3575,1541
2021-03-01,49631.242188,79023,15433,19199
2021-03-02,48378.988281,7794,54966,4409
2021-03-03,50538.242188,18544,54708,5603
2021-03-04,48561.167969,21655,27253,660
2021-03-05,48927.304688,5284,38693,4701
2021-03-06,48503.964844,19154,44077,2981
